Type,Header,Source PTID,Source,Sink PTID,Sink
Outright,Zone A,61752,WEST,,
Outright,Zone B,61753,GENESE,,
Outright,Zone C,61754,CENTRL,,
Outright,Zone D,61755,NORTH,,
Outright,Zone E,61756,MHK VL,,
Outright,Zone F,61757,CAPITL,,
Outright,Zone G,61758,HUD VL,,
Outright,Zone H,61759,MILLWD,,
Outright,Zone I,61760,DUNWOD,,
Outright,Zone J,61761,N.Y.C.,,
Outright,Zone K,61762,LONGIL,,
Outright,Zone M,61844,H Q,,
Outright,Zone N,61845,NPX,,
Outright,Zone O,61846,O H,,
Outright,Zone P,61847,PJM,,
Spread,G/A,61752,WEST,61758,HUD VL
Spread,C/A,61752,WEST,61754,CENTRL
Spread,J/G,61758,HUD VL,61761,N.Y.C.
Spread,G/F,61757,CAPITL,61758,HUD VL
Spread,F/E,61756,MHK VL,61757,CAPITL
Spread,G/N,61845,NPX,61758,HUD VL
Spread,B/A,61752,WEST,61753,GENESE
Spread,D/A,61752,WEST,61755,NORTH
